[  
   {  
      "question":"¿Es el hacer representaciones de elementos de nuestro alrededor, manteniendo las proporciones en sus medidas con el objeto real?",
	 "choises":["Igualdad","Semejanza","Desigualdad","Ninguna de las anteriores"],
      "answer":"Semejanza"
   },
   {  
      "question":"¿Cuál de las siguientes opciones corresponde a una de las aplicaciones de la semejanza de triángulos?",
	  "choises":["Escala", "Área", "Igualdad", "Medición de alturas inaccesibles"],
      "answer":"Medición de alturas inaccesibles"
   },
   {  
      "question":"¿Qué elemento serviría para poder calcular la altura de un edificio durante un día soleado?",
	  "choises":["La sombra de los elementos", "Área", "Desigualdad", "Medición"],
      "answer":"La sombra de los elementos"
   },
   {
      "question":"¿Es la relación invariable entre magnitudes distintas que se pueden medir?",
	  "choises":["Semejanza", "Proporcionalidad", "Teorema de Pitágoras", "Ninguna de las anteriores"],
	  "answer":"Proporcionalidad"
   }
]