[  
   {  
      "question":"¿Qué teorema afirma que cuando se traza una línea paralela a un lado del triángulo hace que se forme un triángulo semejante?",
	  "choises":["Igualdad","Semejanza","Desigualdad","Teorema de Tales de Mileto"],
      "answer":"Teorema de Tales de Mileto"
   },
   {  
      "question":"Se tienen 3 árboles, donde el primero es 3 veces más pequeño que el segundo y el segundo de igual forma 3 veces menor que el tercero. Que conceptos matemáticos podrían aplicarse en esa situación",
	  "choises":["Igualdad", "Área", "Semejanza de triangulos", "Proporcionalidad y razón geométrica"],
      "answer":"Proporcionalidad y razón geométrica"
   },
   {  
      "question":"Sobre cuál de las siguientes problemáticas aplicaría el teorema de tales",
	  "choises":["La sombra de los elementos", "Calcular la altura de un arbol", "Desigualdad", "Medición"],
      "answer":"Calcular la altura de un arbol"
   },
   {
      "question":"¿Que expresa el resultado de una división entre 2 magnitudes relacionadas que se mantiene constante?",
	  "choises":["Semejanza", "principio de Arquímedes", "Teorema de Pitágoras", "Proporcionalidad"],
      "answer":"Proporcionalidad"
   }
]